id,binary_split_3
0,0
1,0
2,0
3,0
4,0
5,1
6,0
7,0
8,0
9,0
10,0
11,0
12,0
13,0
14,0
15,0
16,0
17,0
18,1
19,0
20,0
21,0
22,0
23,0
24,0
25,0
26,0
27,0
28,0
29,0
30,0
31,0
32,0
33,0
34,0
35,0
36,0
37,1
38,0
39,0
40,0
41,0
42,0
43,0
44,0
45,0
46,0
47,1
48,0
49,0
50,1
51,0
52,0
53,0
54,0
55,0
56,0
57,0
58,0
59,0
60,0
61,0
62,0
63,0
64,0
65,0
66,0
67,0
68,0
69,0
70,0
71,0
72,0
73,0
74,0
75,0
76,0
77,0
78,0
79,0
80,0
81,0
82,0
83,0
84,1
85,1
86,0
87,0
88,0
89,0
90,0
91,0
92,0
93,0
94,0
95,0
96,0
97,0
98,0
99,0
100,0
101,0
102,0
103,0
104,0
105,0
106,0
107,0
108,0
109,0
110,1
111,0
112,0
113,0
114,0
115,0
116,0
117,0
118,0
119,0
120,0
121,0
122,0
123,0
124,0
125,0
126,0
127,0
128,0
129,0
130,0
131,0
132,0
133,0
134,0
135,0
136,0
137,0
138,0
139,0
140,0
141,0
142,0
143,0
144,0
145,0
146,1
147,0
148,0
149,0
150,0
151,1
152,0
153,0
154,0
155,0
156,0
157,0
158,0
159,0
160,0
161,0
162,0
163,0
164,0
165,0
166,0
167,0
168,0
169,0
170,0
171,0
172,0
173,0
174,0
175,0
176,0
177,0
178,0
179,1
180,0
181,0
182,0
183,0
184,0
185,0
186,0
187,1
188,0
189,0
190,0
191,0
192,0
193,0
194,0
195,0
196,0
197,0
198,0
199,0
200,0
201,0
202,1
203,0
204,0
205,0
206,0
207,0
208,0
209,1
210,0
211,0
212,0
213,0
214,0
215,0
216,0
217,0
218,0
219,0
220,1
221,0
222,0
223,0
224,1
225,0
226,0
227,0
228,0
229,0
230,0
231,0
232,0
233,1
234,1
235,1
236,0
237,0
238,0
239,0
240,0
241,0
242,0
243,0
244,0
245,0
246,0
247,0
248,0
249,0
250,0
251,0
252,0
253,0
254,0
255,0
256,0
257,0
258,0
259,0
260,0
261,0
262,0
263,0
264,0
265,0
266,0
267,1
268,0
269,0
270,0
271,0
272,0
273,1
274,0
275,0
276,0
277,0
278,0
279,0
280,0
281,0
282,0
283,0
284,0
285,0
286,0
287,0
288,0
289,0
290,0
291,0
292,0
293,0
294,0
295,0
296,0
297,0
298,0
299,1
300,0
301,1
302,0
303,1
304,0
305,0
306,0
307,0
308,0
309,0
310,0
311,0
312,0
313,0
314,0
315,0
316,0
317,0
318,0
319,0
320,0
321,0
322,0
323,0
324,0
325,0
326,1
327,0
328,0
329,0
330,0
331,0
332,1
333,0
334,1
335,0
336,0
337,0
338,0
339,1
340,1
341,1
342,0
343,1
344,1
345,0
346,0
347,0
348,1
349,1
350,0
351,0
352,0
353,0
354,0
355,0
356,0
357,0
358,1
359,0
360,0
361,0
362,0
363,0
364,1
365,0
366,0
367,0
368,0
369,0
370,0
371,0
372,0
373,0
374,0
375,0
376,0
377,0
378,0
379,1
380,0
381,0
382,0
383,0
384,0
385,0
386,0
387,0
388,0
389,0
390,0
391,0
392,0
393,0
394,0
395,1
396,0
397,0
398,1
399,0
400,0
401,0
402,1
403,0
404,0
405,0
406,0
407,0
408,0
409,0
410,0
411,1
412,0
413,0
414,1
415,1
416,0
417,0
418,0
419,1
420,0
421,1
422,0
423,1
424,0
425,0
426,0
427,0
428,1
429,0
430,0
431,1
432,0
433,0
434,0
435,0
436,0
437,0
438,0
439,0
440,0
441,0
442,0
443,0
444,0
445,0
446,0
447,0
448,0
449,0
450,0
451,1
452,1
453,1
454,0
455,0
456,1
457,0
458,1
459,1
460,1
461,1
462,1
463,1
464,1
465,1
466,1
467,1
468,1
469,1
470,1
471,1
472,1
473,1
474,1
475,1
476,1
477,1
478,1
479,1
480,0
481,0
482,1
483,1
484,1
485,0
486,0
487,1
488,0
489,1
490,0
491,1
492,1
493,1
494,1
495,1
496,0
497,1
498,0
499,0
500,1
501,1
502,1
503,1
504,1
505,1
506,1
507,1
508,1
509,1
510,1
511,1
512,0
513,1
514,0
515,0
516,1
517,1
518,1
519,1
520,0
521,0
522,0
523,1
524,1
525,1
526,1
527,1
528,0
529,1
530,1
531,1
532,0
533,1
534,1
535,1
536,0
537,1
538,0
539,1
540,1
541,0
542,0
543,1
544,1
545,0
546,1
547,1
548,1
549,0
550,1
551,1
552,1
553,1
554,1
555,1
556,0
557,1
558,1
559,0
560,0
561,0
562,1
563,1
564,1
565,1
566,0
567,1
568,1
569,1
570,1
571,0
572,1
573,1
574,1
575,1
576,0
577,1
578,1
579,1
580,0
581,1
582,1
583,1
584,1
585,1
586,1
587,0
588,1
589,1
590,0
591,1
592,1
593,1
594,1
595,0
596,1
597,1
598,1
599,1
600,1
601,1
602,1
603,1
604,1
605,1
606,1
607,0
608,1
609,1
610,1
611,1
612,1
613,1
614,1
615,1
616,1
617,0
618,1
619,1
620,1
621,1
622,1
623,1
624,1
625,0
626,1
627,1
628,1
629,1
630,1
631,1
632,1
633,1
634,1
635,1
636,1
637,1
638,1
639,1
640,1
641,1
642,1
643,1
644,1
645,1
646,1
647,1
648,1
649,1
650,1
651,1
652,0
653,1
654,1
655,1
656,1
657,1
658,1
659,1
660,1
661,1
662,1
663,0
664,1
665,1
666,1
667,1
668,1
669,1
670,1
671,1
672,1
673,1
674,1
675,1
676,1
677,1
678,1
679,1
680,1
681,1
682,1
683,1
684,1
685,1
686,1
687,1
688,1
689,1
690,0
691,1
692,1
693,1
694,1
695,1
696,1
697,1
698,1
699,1
700,1
701,1
702,1
703,1
704,1
705,1
706,1
707,0
708,0
709,1
710,1
711,1
712,0
713,1
714,0
715,1
716,1
717,1
718,1
719,1
720,1
721,1
722,1
723,1
724,1
725,1
726,1
727,0
728,1
729,0
730,1
731,1
732,0
733,1
734,0
735,1
736,0
737,0
738,1
739,1
740,1
741,1
742,1
743,0
744,1
745,1
746,1
747,1
748,1
749,1
750,0
751,0
752,0
753,0
754,0
755,0
756,0
757,0
758,1
759,0
760,0
761,0
762,1
763,0
764,0
765,0
766,0
767,0
768,1
769,0
770,0
771,1
772,1
773,0
774,0
775,0
776,0
777,0
778,0
779,0
780,0
781,0
782,0
783,0
784,0
785,0
786,0
787,0
788,0
789,0
790,0
791,1
792,0
793,0
794,0
795,0
796,0
797,0
798,1
799,0
800,0
801,0
802,0
803,0
804,0
805,0
806,1
807,0
808,1
809,0
810,0
811,0
812,1
813,0
814,0
815,0
816,1
817,0
818,0
819,1
820,0
821,0
822,0
823,0
824,0
825,0
826,0
827,0
828,0
829,0
830,0
831,0
832,0
833,0
834,1
835,0
836,0
837,0
838,0
839,1
840,0
841,0
842,0
843,0
844,0
845,0
846,0
847,0
848,1
849,0
850,0
851,0
852,0
853,1
854,1
855,0
856,0
857,0
858,0
859,0
860,0
861,0
862,0
863,0
864,0
865,0
866,0
867,0
868,0
869,0
870,1
871,0
872,0
873,0
874,0
875,0
876,0
877,0
878,0
879,0
880,0
881,0
882,0
883,0
884,0
885,0
886,0
887,0
888,1
889,0
890,0
891,0
892,0
893,1
894,1
895,0
896,0
897,0
898,0
899,0
900,0
901,0
902,0
903,0
904,0
905,0
906,0
907,0
908,0
909,1
910,1
911,0
912,0
913,0
914,0
915,0
916,0
917,0
918,0
919,0
920,1
921,0
922,0
923,0
924,0
925,0
926,1
927,0
928,0
929,0
930,0
931,0
932,0
933,0
934,0
935,0
936,0
937,0
938,0
939,1
940,0
941,0
942,1
943,0
944,0
945,0
946,0
947,0
948,0
949,0
950,0
951,0
952,0
953,0
954,0
955,0
956,0
957,0
958,0
959,0
960,0
961,0
962,0
963,0
964,0
965,0
966,0
967,0
968,1
969,0
970,0
971,0
972,0
973,0
974,0
975,1
976,0
977,0
978,0
979,0
980,0
981,0
982,0
983,1
984,0
985,0
986,0
987,0
988,0
989,0
990,0
991,0
992,0
993,0
994,0
995,0
996,0
997,0
998,0
999,0
1000,0
1001,0
1002,0
1003,0
1004,0
1005,0
1006,0
1007,0
1008,0
1009,0
1010,0
1011,0
1012,1
1013,0
1014,0
1015,0
1016,0
1017,0
1018,0
1019,0
1020,0
1021,0
1022,1
1023,0
1024,0
1025,0
1026,0
1027,0
1028,0
1029,0
1030,1
1031,0
1032,0
1033,0
1034,0
1035,0
1036,0
1037,0
1038,1
1039,0
1040,0
1041,0
1042,0
1043,0
1044,1
1045,0
1046,0
1047,0
1048,0
1049,0
1050,0
1051,0
1052,1
1053,1
1054,0
1055,0
1056,1
1057,0
1058,0
1059,0
1060,0
1061,0
1062,1
1063,0
1064,0
1065,0
1066,0
1067,1
1068,0
1069,0
1070,0
1071,1
1072,0
1073,0
1074,1
1075,0
1076,0
1077,0
1078,0
1079,0
1080,1
1081,0
1082,0
1083,1
1084,0
1085,0
1086,0
1087,0
1088,0
1089,0
1090,0
1091,1
1092,0
1093,0
1094,0
1095,0
1096,0
1097,0
1098,1
1099,0
1100,0
1101,1
1102,0
1103,1
1104,0
1105,1
1106,0
1107,0
1108,0
1109,0
1110,0
1111,0
1112,0
1113,0
1114,0
1115,0
1116,0
1117,1
1118,0
1119,0
1120,0
1121,1
1122,0
1123,1
1124,1
1125,0
1126,0
1127,0
1128,0
1129,0
1130,0
1131,1
1132,0
1133,0
1134,0
1135,1
1136,0
1137,0
1138,0
1139,1
1140,0
1141,0
1142,0
1143,0
1144,0
1145,0
1146,0
1147,0
1148,1
1149,1
1150,0
1151,0
1152,0
1153,1
1154,0
1155,0
1156,1
1157,0
1158,1
1159,0
1160,0
1161,0
1162,0
1163,0
1164,0
1165,0
1166,0
1167,0
1168,0
1169,1
1170,1
1171,0
1172,0
1173,0
1174,1
1175,0
1176,0
1177,1
1178,0
1179,0
1180,0
1181,0
1182,1
1183,0
1184,0
1185,0
1186,0
1187,0
1188,0
1189,0
1190,0
1191,0
1192,0
1193,0
1194,0
1195,0
1196,0
1197,0
1198,0
1199,1
1200,1
1201,1
1202,1
1203,1
1204,1
1205,1
1206,1
1207,0
1208,1
1209,1
1210,1
1211,1
1212,1
1213,1
1214,1
1215,0
1216,1
1217,1
1218,0
1219,1
1220,1
1221,1
1222,0
1223,0
1224,0
1225,1
1226,1
1227,0
1228,0
1229,0
1230,1
1231,0
1232,0
1233,1
1234,1
1235,0
1236,1
1237,1
1238,1
1239,0
1240,0
1241,1
1242,0
1243,0
1244,0
1245,1
1246,0
1247,1
1248,1
1249,0
1250,1
1251,1
1252,0
1253,0
1254,1
1255,0
1256,1
1257,0
1258,1
1259,1
1260,0
1261,0
1262,1
1263,0
1264,1
1265,0
1266,1
1267,1
1268,1
1269,1
1270,1
1271,0
1272,1
1273,1
1274,1
1275,1
1276,1
1277,1
1278,0
1279,0
1280,1
1281,1
1282,1
1283,0
1284,1
1285,0
1286,0
1287,1
1288,1
1289,1
1290,1
1291,1
1292,0
1293,1
1294,0
1295,0
1296,1
1297,1
1298,0
1299,1
1300,1
1301,0
1302,0
1303,0
1304,1
1305,1
1306,1
1307,0
1308,0
1309,1
1310,0
1311,0
1312,1
1313,1
1314,0
1315,0
1316,1
1317,1
1318,0
1319,1
1320,1
1321,1
1322,1
1323,0
1324,1
1325,1
1326,1
1327,0
1328,0
1329,0
1330,0
1331,1
1332,1
1333,1
1334,1
1335,1
1336,1
1337,1
1338,0
1339,0
1340,1
1341,0
1342,0
1343,1
1344,0
1345,1
1346,0
1347,0
1348,1
1349,1
1350,0
1351,1
1352,1
1353,0
1354,1
1355,0
1356,1
1357,0
1358,1
1359,1
1360,1
1361,0
1362,1
1363,0
1364,1
1365,0
1366,1
1367,1
1368,1
1369,1
1370,1
1371,0
1372,1
1373,1
1374,0
1375,1
1376,1
1377,0
1378,1
1379,1
1380,1
1381,1
1382,1
1383,1
1384,1
1385,1
1386,0
1387,1
1388,1
1389,1
1390,0
1391,1
1392,1
1393,1
1394,1
1395,1
1396,0
1397,0
1398,1
1399,1
1400,0
1401,1
1402,1
1403,1
1404,1
1405,1
1406,0
1407,1
1408,1
1409,1
1410,1
1411,1
1412,1
1413,1
1414,1
1415,1
1416,1
1417,1
1418,1
1419,1
1420,0
1421,1
1422,1
1423,0
1424,1
1425,0
1426,1
1427,1
1428,1
1429,0
1430,1
1431,0
1432,1
1433,0
1434,1
1435,1
1436,0
1437,1
1438,1
1439,1
1440,1
1441,1
1442,1
1443,1
1444,1
1445,1
1446,1
1447,1
1448,1
1449,1
1450,0
1451,1
1452,1
1453,1
1454,0
1455,1
1456,1
1457,1
1458,0
1459,1
1460,1
1461,1
1462,1
1463,0
1464,0
1465,1
1466,1
1467,0
1468,1
1469,1
1470,1
1471,1
1472,1
1473,0
1474,1
1475,1
1476,1
1477,0
1478,0
1479,0
1480,1
1481,1
1482,1
1483,0
1484,0
1485,0
1486,1
1487,1
1488,1
1489,1
1490,1
1491,1
1492,1
1493,1
1494,0
1495,0
1496,1
1497,1
1498,1
1499,1
1500,0
1501,0
1502,0
1503,0
1504,0
1505,0
1506,0
1507,0
1508,0
1509,0
1510,0
1511,0
1512,0
1513,0
1514,0
1515,0
1516,0
1517,0
1518,0
1519,1
1520,0
1521,0
1522,0
1523,0
1524,0
1525,0
1526,0
1527,0
1528,0
1529,0
1530,0
1531,0
1532,0
1533,0
1534,0
1535,0
1536,0
1537,0
1538,0
1539,0
1540,1
1541,0
1542,0
1543,1
1544,0
1545,0
1546,0
1547,1
1548,0
1549,0
1550,0
1551,0
1552,0
1553,0
1554,0
1555,0
1556,0
1557,1
1558,0
1559,0
1560,0
1561,0
1562,0
1563,0
1564,1
1565,0
1566,0
1567,0
1568,0
1569,0
1570,0
1571,0
1572,0
1573,0
1574,0
1575,0
1576,0
1577,0
1578,0
1579,0
1580,0
1581,0
1582,0
1583,0
1584,0
1585,0
1586,0
1587,0
1588,0
1589,0
1590,0
1591,0
1592,0
1593,0
1594,0
1595,0
1596,0
1597,0
1598,0
1599,0
1600,0
1601,0
1602,0
1603,0
1604,0
1605,1
1606,0
1607,0
1608,0
1609,0
1610,1
1611,0
1612,0
1613,0
1614,0
1615,0
1616,0
1617,0
1618,0
1619,0
1620,0
1621,0
1622,0
1623,0
1624,1
1625,0
1626,0
1627,0
1628,0
1629,0
1630,0
1631,0
1632,0
1633,0
1634,0
1635,0
1636,0
1637,0
1638,0
1639,0
1640,0
1641,0
1642,0
1643,0
1644,0
1645,0
1646,0
1647,0
1648,0
1649,0
1650,0
1651,0
1652,0
1653,0
1654,0
1655,1
1656,0
1657,0
1658,0
1659,0
1660,0
1661,1
1662,1
1663,0
1664,0
1665,0
1666,0
1667,1
1668,0
1669,0
1670,0
1671,0
1672,0
1673,0
1674,0
1675,0
1676,0
1677,0
1678,0
1679,0
1680,0
1681,0
1682,0
1683,0
1684,0
1685,0
1686,0
1687,0
1688,0
1689,0
1690,0
1691,0
1692,0
1693,0
1694,0
1695,0
1696,0
1697,0
1698,0
1699,1
1700,0
1701,0
1702,0
1703,0
1704,0
1705,0
1706,1
1707,0
1708,0
1709,0
1710,0
1711,0
1712,0
1713,0
1714,0
1715,0
1716,0
1717,0
1718,0
1719,0
1720,0
1721,0
1722,0
1723,0
1724,0
1725,0
1726,0
1727,0
1728,0
1729,0
1730,0
1731,0
1732,0
1733,0
1734,0
1735,0
1736,0
1737,0
1738,0
1739,0
1740,0
1741,0
1742,0
1743,1
1744,0
1745,1
1746,0
1747,0
1748,0
1749,0
1750,0
1751,0
1752,1
1753,1
1754,0
1755,0
1756,0
1757,0
1758,0
1759,0
1760,0
1761,0
1762,0
1763,0
1764,1
1765,0
1766,0
1767,0
1768,0
1769,0
1770,0
1771,0
1772,0
1773,0
1774,0
1775,0
1776,0
1777,1
1778,0
1779,0
1780,1
1781,0
1782,0
1783,0
1784,0
1785,0
1786,0
1787,0
1788,0
1789,0
1790,0
1791,0
1792,0
1793,0
1794,0
1795,1
1796,0
1797,1
1798,0
1799,0
1800,0
1801,0
1802,0
1803,0
1804,0
1805,0
1806,0
1807,0
1808,0
1809,0
1810,0
1811,0
1812,0
1813,0
1814,0
1815,0
1816,1
1817,0
1818,0
1819,0
1820,0
1821,0
1822,0
1823,1
1824,0
1825,0
1826,0
1827,0
1828,0
1829,0
1830,0
1831,0
1832,0
1833,0
1834,0
1835,0
1836,1
1837,0
1838,0
1839,0
1840,0
1841,1
1842,0
1843,0
1844,0
1845,0
1846,0
1847,0
1848,1
1849,1
1850,0
1851,0
1852,1
1853,1
1854,0
1855,0
1856,1
1857,0
1858,1
1859,0
1860,0
1861,0
1862,0
1863,0
1864,0
1865,0
1866,0
1867,0
1868,1
1869,0
1870,0
1871,0
1872,0
1873,1
1874,0
1875,0
1876,1
1877,0
1878,0
1879,1
1880,0
1881,0
1882,0
1883,0
1884,1
1885,0
1886,0
1887,0
1888,1
1889,0
1890,0
1891,0
1892,1
1893,0
1894,0
1895,0
1896,0
1897,0
1898,0
1899,0
1900,0
1901,0
1902,0
1903,0
1904,1
1905,0
1906,1
1907,1
1908,0
1909,0
1910,0
1911,0
1912,0
1913,0
1914,0
1915,0
1916,0
1917,0
1918,0
1919,0
1920,0
1921,0
1922,1
1923,0
1924,1
1925,0
1926,0
1927,0
1928,0
1929,0
1930,0
1931,0
1932,0
1933,1
1934,0
1935,0
1936,0
1937,0
1938,0
1939,0
1940,0
1941,0
1942,0
1943,0
1944,0
1945,0
1946,0
1947,0
1948,0
1949,0
1950,1
1951,0
1952,1
1953,0
1954,0
1955,0
1956,0
1957,1
1958,0
1959,0
1960,1
1961,1
1962,1
1963,1
1964,1
1965,1
1966,0
1967,0
1968,1
1969,1
1970,1
1971,1
1972,1
1973,0
1974,1
1975,0
1976,1
1977,1
1978,1
1979,0
1980,1
1981,1
1982,1
1983,1
1984,1
1985,1
1986,1
1987,1
1988,0
1989,0
1990,0
1991,0
1992,1
1993,0
1994,1
1995,1
1996,1
1997,0
1998,1
1999,1
2000,1
2001,1
2002,1
2003,0
2004,1
2005,0
2006,1
2007,1
2008,0
2009,1
2010,1
2011,0
2012,1
2013,0
2014,1
2015,1
2016,0
2017,1
2018,0
2019,1
2020,1
2021,1
2022,1
2023,1
2024,0
2025,0
2026,1
2027,1
2028,1
2029,1
2030,1
2031,1
2032,1
2033,1
2034,1
2035,1
2036,1
2037,1
2038,1
2039,1
2040,0
2041,0
2042,0
2043,1
2044,0
2045,1
2046,1
2047,0
2048,1
2049,1
2050,1
2051,1
2052,1
2053,1
2054,1
2055,1
2056,1
2057,1
2058,1
2059,1
2060,1
2061,1
2062,1
2063,0
2064,0
2065,1
2066,1
2067,1
2068,1
2069,1
2070,1
2071,0
2072,1
2073,1
2074,1
2075,1
2076,1
2077,0
2078,0
2079,0
2080,0
2081,1
2082,1
2083,1
2084,1
2085,1
2086,1
2087,1
2088,1
2089,0
2090,1
2091,1
2092,1
2093,1
2094,1
2095,1
2096,1
2097,1
2098,0
2099,1
2100,1
2101,1
2102,1
2103,1
2104,1
2105,1
2106,1
2107,1
2108,1
2109,1
2110,1
2111,0
2112,1
2113,1
2114,1
2115,1
2116,1
2117,1
2118,1
2119,1
2120,1
2121,1
2122,1
2123,1
2124,1
2125,1
2126,1
2127,1
2128,1
2129,0
2130,1
2131,1
2132,1
2133,1
2134,1
2135,1
2136,1
2137,1
2138,0
2139,1
2140,1
2141,1
2142,1
2143,1
2144,1
2145,1
2146,1
2147,1
2148,0
2149,1
2150,1
2151,1
2152,0
2153,1
2154,1
2155,1
2156,1
2157,1
2158,1
2159,1
2160,1
2161,0
2162,1
2163,1
2164,1
2165,1
2166,1
2167,0
2168,1
2169,1
2170,1
2171,1
2172,1
2173,1
2174,1
2175,1
2176,1
2177,1
2178,1
2179,1
2180,1
2181,0
2182,1
2183,1
2184,1
2185,1
2186,1
2187,1
2188,1
2189,1
2190,1
2191,0
2192,1
2193,1
2194,1
2195,1
2196,1
2197,1
2198,1
2199,1
2200,1
2201,1
2202,1
2203,0
2204,1
2205,0
2206,1
2207,1
2208,1
2209,1
2210,1
2211,1
2212,1
2213,1
2214,1
2215,1
2216,1
2217,1
2218,1
2219,0
2220,1
2221,0
2222,1
2223,0
2224,1
2225,1
2226,0
2227,1
2228,1
2229,1
2230,1
2231,1
2232,1
2233,1
2234,1
2235,1
2236,1
2237,1
2238,1
2239,1
2240,1
2241,1
2242,1
2243,1
2244,1
2245,1
2246,1
2247,1
2248,1
2249,1
2250,0
2251,0
2252,0
2253,0
2254,0
2255,0
2256,0
2257,0
2258,0
2259,0
2260,0
2261,0
2262,0
2263,0
2264,0
2265,0
2266,0
2267,0
2268,0
2269,0
2270,0
2271,0
2272,0
2273,0
2274,0
2275,0
2276,0
2277,0
2278,0
2279,1
2280,0
2281,0
2282,0
2283,0
2284,0
2285,0
2286,0
2287,1
2288,0
2289,0
2290,0
2291,0
2292,0
2293,0
2294,0
2295,0
2296,0
2297,0
2298,0
2299,0
2300,0
2301,0
2302,0
2303,0
2304,0
2305,0
2306,0
2307,0
2308,0
2309,0
2310,0
2311,0
2312,0
2313,0
2314,0
2315,0
2316,0
2317,0
2318,0
2319,1
2320,0
2321,0
2322,0
2323,0
2324,0
2325,0
2326,0
2327,0
2328,0
2329,0
2330,0
2331,0
2332,0
2333,0
2334,0
2335,0
2336,0
2337,0
2338,0
2339,0
2340,0
2341,0
2342,0
2343,0
2344,0
2345,0
2346,0
2347,0
2348,0
2349,0
2350,0
2351,0
2352,0
2353,0
2354,0
2355,0
2356,0
2357,0
2358,0
2359,0
2360,0
2361,0
2362,0
2363,1
2364,0
2365,0
2366,0
2367,0
2368,0
2369,0
2370,0
2371,0
2372,0
2373,0
2374,0
2375,1
2376,0
2377,0
2378,0
2379,0
2380,0
2381,0
2382,0
2383,0
2384,0
2385,0
2386,0
2387,0
2388,0
2389,0
2390,0
2391,0
2392,0
2393,0
2394,0
2395,0
2396,0
2397,0
2398,0
2399,0
2400,1
2401,0
2402,0
2403,0
2404,0
2405,0
2406,1
2407,0
2408,0
2409,0
2410,0
2411,0
2412,0
2413,0
2414,0
2415,0
2416,0
2417,1
2418,0
2419,0
2420,0
2421,0
2422,0
2423,0
2424,0
2425,1
2426,0
2427,0
2428,0
2429,0
2430,0
2431,0
2432,0
2433,0
2434,0
2435,0
2436,0
2437,0
2438,0
2439,0
2440,0
2441,0
2442,0
2443,0
2444,0
2445,0
2446,0
2447,0
2448,0
2449,0
2450,0
2451,0
2452,0
2453,0
2454,0
2455,0
2456,0
2457,0
2458,0
2459,0
2460,0
2461,0
2462,0
2463,0
2464,0
2465,0
2466,0
2467,0
2468,0
2469,0
2470,0
2471,0
2472,0
2473,0
2474,0
2475,0
2476,1
2477,0
2478,1
2479,0
2480,0
2481,0
2482,0
2483,0
2484,0
2485,0
2486,0
2487,0
2488,1
2489,0
2490,0
2491,0
2492,0
2493,0
2494,0
2495,0
2496,1
2497,0
2498,1
2499,0
2500,0
2501,1
2502,0
2503,0
2504,0
2505,0
2506,0
2507,0
2508,0
2509,1
2510,1
2511,0
2512,0
2513,0
2514,0
2515,0
2516,0
2517,0
2518,0
2519,0
2520,0
2521,0
2522,0
2523,0
2524,1
2525,0
2526,1
2527,0
2528,1
2529,0
2530,0
2531,0
2532,0
2533,0
2534,0
2535,1
2536,1
2537,0
2538,0
2539,0
2540,0
2541,0
2542,0
2543,0
2544,0
2545,0
2546,0
2547,0
2548,0
2549,0
2550,1
2551,0
2552,0
2553,0
2554,1
2555,0
2556,0
2557,0
2558,0
2559,1
2560,0
2561,0
2562,0
2563,1
2564,0
2565,0
2566,0
2567,0
2568,0
2569,0
2570,0
2571,0
2572,0
2573,1
2574,1
2575,0
2576,0
2577,0
2578,1
2579,0
2580,0
2581,0
2582,0
2583,0
2584,0
2585,0
2586,0
2587,0
2588,0
2589,1
2590,0
2591,0
2592,0
2593,0
2594,0
2595,0
2596,0
2597,0
2598,0
2599,0
2600,0
2601,0
2602,0
2603,0
2604,0
2605,0
2606,1
2607,0
2608,0
2609,0
2610,0
2611,0
2612,0
2613,0
2614,1
2615,0
2616,0
2617,0
2618,1
2619,1
2620,0
2621,0
2622,0
2623,0
2624,0
2625,1
2626,0
2627,0
2628,0
2629,0
2630,0
2631,0
2632,0
2633,0
2634,0
2635,0
2636,0
2637,0
2638,0
2639,0
2640,0
2641,0
2642,0
2643,0
2644,0
2645,0
2646,0
2647,0
2648,0
2649,0
2650,0
2651,0
2652,0
2653,0
2654,1
2655,0
2656,0
2657,0
2658,0
2659,0
2660,0
2661,0
2662,0
2663,0
2664,0
2665,1
2666,0
2667,0
2668,0
2669,0
2670,0
2671,0
2672,1
2673,0
2674,1
2675,0
2676,0
2677,1
2678,0
2679,0
2680,0
2681,1
2682,0
2683,1
2684,0
2685,0
2686,0
2687,0
2688,0
2689,1
2690,0
2691,0
2692,0
2693,0
2694,0
2695,0
2696,1
2697,0
2698,0
2699,0
2700,1
2701,1
2702,0
2703,1
2704,1
2705,1
2706,0
2707,1
2708,0
2709,0
2710,1
2711,0
2712,1
2713,0
2714,1
2715,1
2716,1
2717,1
2718,1
2719,1
2720,0
2721,0
2722,1
2723,0
2724,1
2725,1
2726,1
2727,1
2728,1
2729,1
2730,1
2731,0
2732,0
2733,0
2734,0
2735,1
2736,1
2737,1
2738,1
2739,1
2740,1
2741,1
2742,1
2743,1
2744,0
2745,1
2746,1
2747,1
2748,1
2749,1
2750,1
2751,1
2752,0
2753,0
2754,1
2755,1
2756,1
2757,0
2758,1
2759,1
2760,1
2761,1
2762,1
2763,1
2764,1
2765,1
2766,1
2767,1
2768,0
2769,1
2770,0
2771,1
2772,1
2773,1
2774,1
2775,1
2776,1
2777,0
2778,1
2779,1
2780,1
2781,1
2782,1
2783,1
2784,1
2785,0
2786,1
2787,1
2788,1
2789,0
2790,1
2791,1
2792,1
2793,1
2794,1
2795,1
2796,1
2797,1
2798,0
2799,1
2800,1
2801,1
2802,0
2803,0
2804,1
2805,0
2806,1
2807,1
2808,1
2809,1
2810,1
2811,1
2812,0
2813,1
2814,1
2815,1
2816,1
2817,0
2818,1
2819,0
2820,0
2821,1
2822,1
2823,1
2824,1
2825,1
2826,1
2827,1
2828,0
2829,1
2830,1
2831,1
2832,1
2833,1
2834,0
2835,1
2836,1
2837,1
2838,1
2839,1
2840,1
2841,0
2842,0
2843,1
2844,1
2845,0
2846,0
2847,1
2848,1
2849,0
2850,1
2851,1
2852,0
2853,1
2854,1
2855,1
2856,1
2857,0
2858,1
2859,1
2860,1
2861,1
2862,1
2863,1
2864,1
2865,1
2866,1
2867,1
2868,1
2869,1
2870,1
2871,1
2872,1
2873,1
2874,1
2875,1
2876,1
2877,1
2878,1
2879,1
2880,1
2881,1
2882,1
2883,1
2884,1
2885,1
2886,1
2887,1
2888,1
2889,1
2890,1
2891,1
2892,1
2893,1
2894,0
2895,1
2896,1
2897,0
2898,1
2899,0
2900,1
2901,1
2902,1
2903,1
2904,1
2905,1
2906,1
2907,1
2908,1
2909,1
2910,1
2911,1
2912,1
2913,1
2914,1
2915,1
2916,1
2917,1
2918,1
2919,0
2920,1
2921,1
2922,1
2923,1
2924,1
2925,1
2926,1
2927,1
2928,1
2929,1
2930,1
2931,1
2932,1
2933,1
2934,1
2935,1
2936,1
2937,1
2938,1
2939,1
2940,1
2941,1
2942,1
2943,1
2944,1
2945,1
2946,1
2947,1
2948,1
2949,1
2950,1
2951,0
2952,1
2953,1
2954,1
2955,1
2956,1
2957,1
2958,1
2959,1
2960,0
2961,1
2962,1
2963,1
2964,1
2965,1
2966,0
2967,1
2968,1
2969,1
2970,1
2971,1
2972,1
2973,1
2974,1
2975,1
2976,1
2977,1
2978,1
2979,1
2980,0
2981,1
2982,1
2983,1
2984,1
2985,1
2986,1
2987,1
2988,1
2989,1
2990,1
2991,1
2992,1
2993,1
2994,1
2995,1
2996,1
2997,1
2998,1
2999,1
3000,0
3001,0
3002,0
3003,0
3004,0
3005,0
3006,0
3007,0
3008,0
3009,0
3010,0
3011,0
3012,0
3013,0
3014,0
3015,0
3016,0
3017,0
3018,0
3019,0
3020,0
3021,0
3022,0
3023,0
3024,0
3025,0
3026,0
3027,0
3028,0
3029,0
3030,0
3031,1
3032,0
3033,0
3034,0
3035,0
3036,0
3037,0
3038,0
3039,0
3040,0
3041,0
3042,0
3043,0
3044,0
3045,0
3046,0
3047,0
3048,0
3049,0
3050,0
3051,0
3052,0
3053,0
3054,0
3055,0
3056,1
3057,0
3058,0
3059,0
3060,0
3061,0
3062,0
3063,0
3064,0
3065,0
3066,0
3067,1
3068,0
3069,0
3070,0
3071,0
3072,0
3073,0
3074,1
3075,0
3076,0
3077,0
3078,0
3079,0
3080,0
3081,0
3082,0
3083,0
3084,0
3085,0
3086,0
3087,1
3088,0
3089,0
3090,0
3091,0
3092,0
3093,0
3094,0
3095,0
3096,0
3097,0
3098,0
3099,0
3100,0
3101,0
3102,0
3103,0
3104,1
3105,1
3106,0
3107,0
3108,0
3109,0
3110,0
3111,0
3112,0
3113,1
3114,0
3115,0
3116,0
3117,0
3118,0
3119,0
3120,0
3121,0
3122,0
3123,0
3124,0
3125,0
3126,0
3127,0
3128,1
3129,0
3130,0
3131,1
3132,0
3133,0
3134,0
3135,0
3136,0
3137,0
3138,0
3139,1
3140,0
3141,0
3142,0
3143,0
3144,0
3145,0
3146,0
3147,0
3148,0
3149,1
3150,0
3151,0
3152,0
3153,1
3154,0
3155,0
3156,0
3157,0
3158,0
3159,0
3160,0
3161,1
3162,0
3163,0
3164,0
3165,0
3166,0
3167,0
3168,0
3169,0
3170,0
3171,0
3172,0
3173,0
3174,0
3175,0
3176,0
3177,1
3178,0
3179,0
3180,0
3181,0
3182,1
3183,0
3184,0
3185,0
3186,0
3187,0
3188,0
3189,1
3190,0
3191,0
3192,0
3193,0
3194,0
3195,0
3196,0
3197,0
3198,0
3199,0
3200,0
3201,0
3202,0
3203,0
3204,0
3205,0
3206,0
3207,0
3208,0
3209,0
3210,0
3211,0
3212,0
3213,0
3214,0
3215,0
3216,0
3217,0
3218,0
3219,0
3220,0
3221,0
3222,0
3223,0
3224,0
3225,0
3226,0
3227,0
3228,0
3229,0
3230,0
3231,0
3232,0
3233,0
3234,0
3235,0
3236,0
3237,0
3238,0
3239,1
3240,0
3241,0
3242,1
3243,0
3244,0
3245,0
3246,0
3247,0
3248,0
3249,0
3250,0
3251,0
3252,0
3253,0
3254,0
3255,0
3256,0
3257,0
3258,0
3259,0
3260,0
3261,0
3262,0
3263,0
3264,0
3265,1
3266,0
3267,0
3268,0
3269,0
3270,0
3271,0
3272,0
3273,0
3274,0
3275,0
3276,0
3277,0
3278,1
3279,0
3280,0
3281,0
3282,0
3283,0
3284,0
3285,1
3286,0
3287,0
3288,0
3289,0
3290,1
3291,0
3292,0
3293,0
3294,0
3295,0
3296,0
3297,0
3298,0
3299,0
3300,0
3301,0
3302,0
3303,0
3304,0
3305,0
3306,1
3307,0
3308,0
3309,0
3310,0
3311,0
3312,0
3313,0
3314,0
3315,0
3316,0
3317,0
3318,0
3319,0
3320,0
3321,0
3322,1
3323,0
3324,0
3325,0
3326,0
3327,1
3328,0
3329,0
3330,0
3331,1
3332,1
3333,0
3334,1
3335,0
3336,0
3337,1
3338,0
3339,0
3340,0
3341,0
3342,0
3343,1
3344,0
3345,0
3346,0
3347,0
3348,0
3349,0
3350,0
3351,1
3352,0
3353,0
3354,1
3355,0
3356,0
3357,0
3358,0
3359,0
3360,1
3361,0
3362,0
3363,0
3364,0
3365,0
3366,0
3367,0
3368,0
3369,0
3370,0
3371,0
3372,0
3373,1
3374,1
3375,0
3376,0
3377,0
3378,0
3379,1
3380,0
3381,0
3382,0
3383,0
3384,0
3385,1
3386,1
3387,0
3388,0
3389,0
3390,0
3391,0
3392,0
3393,0
3394,0
3395,0
3396,1
3397,0
3398,0
3399,0
3400,0
3401,0
3402,0
3403,0
3404,0
3405,1
3406,0
3407,1
3408,0
3409,0
3410,1
3411,1
3412,0
3413,0
3414,0
3415,0
3416,1
3417,0
3418,1
3419,0
3420,1
3421,0
3422,0
3423,0
3424,0
3425,0
3426,0
3427,1
3428,0
3429,0
3430,0
3431,1
3432,0
3433,1
3434,0
3435,0
3436,0
3437,0
3438,0
3439,0
3440,0
3441,0
3442,0
3443,0
3444,0
3445,0
3446,0
3447,0
3448,0
3449,0
3450,0
3451,1
3452,1
3453,1
3454,0
3455,1
3456,1
3457,1
3458,1
3459,1
3460,0
3461,1
3462,0
3463,1
3464,1
3465,0
3466,0
3467,1
3468,0
3469,1
3470,1
3471,1
3472,0
3473,1
3474,1
3475,1
3476,1
3477,1
3478,1
3479,1
3480,1
3481,0
3482,1
3483,1
3484,0
3485,1
3486,1
3487,1
3488,0
3489,1
3490,1
3491,0
3492,1
3493,1
3494,1
3495,0
3496,1
3497,1
3498,1
3499,0
3500,1
3501,0
3502,1
3503,1
3504,1
3505,1
3506,1
3507,1
3508,0
3509,1
3510,1
3511,1
3512,0
3513,0
3514,0
3515,1
3516,1
3517,1
3518,1
3519,1
3520,1
3521,0
3522,0
3523,1
3524,1
3525,0
3526,0
3527,0
3528,1
3529,1
3530,1
3531,1
3532,0
3533,1
3534,0
3535,1
3536,1
3537,1
3538,1
3539,1
3540,1
3541,0
3542,1
3543,1
3544,1
3545,1
3546,0
3547,1
3548,1
3549,1
3550,1
3551,1
3552,1
3553,0
3554,1
3555,1
3556,1
3557,1
3558,1
3559,1
3560,1
3561,0
3562,0
3563,1
3564,1
3565,1
3566,1
3567,1
3568,0
3569,0
3570,1
3571,1
3572,0
3573,0
3574,1
3575,0
3576,1
3577,1
3578,1
3579,0
3580,1
3581,1
3582,0
3583,0
3584,0
3585,1
3586,0
3587,1
3588,1
3589,1
3590,1
3591,1
3592,1
3593,1
3594,1
3595,1
3596,1
3597,1
3598,0
3599,1
3600,1
3601,1
3602,1
3603,1
3604,1
3605,1
3606,1
3607,1
3608,1
3609,1
3610,1
3611,1
3612,1
3613,1
3614,1
3615,1
3616,1
3617,1
3618,1
3619,1
3620,1
3621,1
3622,1
3623,1
3624,1
3625,0
3626,1
3627,1
3628,1
3629,1
3630,1
3631,1
3632,1
3633,1
3634,1
3635,0
3636,1
3637,0
3638,1
3639,0
3640,1
3641,0
3642,1
3643,1
3644,1
3645,1
3646,1
3647,1
3648,1
3649,1
3650,1
3651,1
3652,1
3653,1
3654,1
3655,1
3656,1
3657,1
3658,1
3659,0
3660,1
3661,0
3662,1
3663,1
3664,1
3665,1
3666,1
3667,1
3668,1
3669,1
3670,1
3671,0
3672,1
3673,1
3674,0
3675,1
3676,0
3677,1
3678,1
3679,1
3680,1
3681,1
3682,1
3683,1
3684,1
3685,1
3686,1
3687,1
3688,1
3689,1
3690,1
3691,1
3692,1
3693,1
3694,1
3695,0
3696,1
3697,1
3698,1
3699,0
3700,1
3701,1
3702,1
3703,1
3704,1
3705,1
3706,1
3707,1
3708,1
3709,1
3710,1
3711,0
3712,0
3713,0
3714,1
3715,1
3716,1
3717,1
3718,1
3719,1
3720,1
3721,1
3722,0
3723,1
3724,1
3725,1
3726,1
3727,1
3728,1
3729,1
3730,1
3731,1
3732,1
3733,1
3734,1
3735,0
3736,1
3737,1
3738,0
3739,1
3740,1
3741,1
3742,1
3743,1
3744,1
3745,1
3746,0
3747,1
3748,1
3749,0
3750,0
3751,0
3752,0
3753,0
3754,0
3755,1
3756,0
3757,0
3758,0
3759,0
3760,0
3761,0
3762,0
3763,0
3764,0
3765,0
3766,0
3767,0
3768,0
3769,0
3770,0
3771,0
3772,0
3773,0
3774,0
3775,0
3776,0
3777,1
3778,0
3779,0
3780,0
3781,0
3782,0
3783,0
3784,0
3785,0
3786,0
3787,0
3788,0
3789,0
3790,0
3791,0
3792,0
3793,0
3794,0
3795,0
3796,0
3797,0
3798,0
3799,0
3800,0
3801,0
3802,0
3803,0
3804,0
3805,0
3806,0
3807,0
3808,1
3809,0
3810,0
3811,0
3812,0
3813,0
3814,0
3815,0
3816,0
3817,0
3818,0
3819,0
3820,0
3821,1
3822,0
3823,0
3824,0
3825,0
3826,0
3827,0
3828,0
3829,0
3830,1
3831,0
3832,0
3833,0
3834,0
3835,0
3836,0
3837,0
3838,0
3839,0
3840,0
3841,0
3842,0
3843,0
3844,0
3845,0
3846,0
3847,0
3848,0
3849,0
3850,0
3851,0
3852,1
3853,0
3854,0
3855,0
3856,0
3857,0
3858,0
3859,0
3860,0
3861,0
3862,0
3863,0
3864,0
3865,0
3866,0
3867,0
3868,0
3869,1
3870,0
3871,0
3872,0
3873,0
3874,0
3875,0
3876,0
3877,0
3878,0
3879,0
3880,0
3881,0
3882,0
3883,0
3884,0
3885,0
3886,0
3887,0
3888,0
3889,0
3890,0
3891,0
3892,0
3893,0
3894,0
3895,0
3896,0
3897,0
3898,0
3899,0
3900,0
3901,0
3902,0
3903,0
3904,0
3905,0
3906,0
3907,1
3908,0
3909,0
3910,0
3911,0
3912,0
3913,0
3914,0
3915,0
3916,0
3917,0
3918,0
3919,1
3920,1
3921,0
3922,1
3923,0
3924,0
3925,0
3926,0
3927,0
3928,0
3929,1
3930,0
3931,0
3932,0
3933,0
3934,0
3935,0
3936,1
3937,0
3938,0
3939,0
3940,0
3941,0
3942,0
3943,0
3944,0
3945,0
3946,0
3947,0
3948,0
3949,0
3950,0
3951,0
3952,0
3953,0
3954,0
3955,0
3956,0
3957,1
3958,0
3959,0
3960,0
3961,0
3962,0
3963,0
3964,0
3965,0
3966,0
3967,0
3968,0
3969,0
3970,0
3971,0
3972,0
3973,0
3974,0
3975,0
3976,1
3977,0
3978,0
3979,0
3980,0
3981,0
3982,0
3983,0
3984,0
3985,0
3986,0
3987,1
3988,0
3989,0
3990,0
3991,0
3992,0
3993,0
3994,0
3995,0
3996,0
3997,0
3998,0
3999,0
4000,0
4001,0
4002,0
4003,1
4004,0
4005,0
4006,0
4007,0
4008,0
4009,0
4010,0
4011,0
4012,0
4013,0
4014,0
4015,0
4016,0
4017,0
4018,0
4019,0
4020,0
4021,0
4022,0
4023,0
4024,0
4025,1
4026,0
4027,0
4028,0
4029,0
4030,0
4031,0
4032,0
4033,0
4034,0
4035,0
4036,0
4037,0
4038,0
4039,0
4040,0
4041,1
4042,1
4043,0
4044,0
4045,0
4046,0
4047,1
4048,0
4049,0
4050,0
4051,0
4052,1
4053,0
4054,0
4055,1
4056,0
4057,0
4058,0
4059,0
4060,0
4061,1
4062,0
4063,0
4064,0
4065,0
4066,0
4067,0
4068,0
4069,0
4070,0
4071,0
4072,0
4073,0
4074,1
4075,1
4076,1
4077,0
4078,0
4079,0
4080,0
4081,0
4082,1
4083,0
4084,0
4085,0
4086,1
4087,0
4088,0
4089,0
4090,1
4091,1
4092,1
4093,0
4094,0
4095,0
4096,0
4097,0
4098,0
4099,0
4100,0
4101,0
4102,0
4103,0
4104,0
4105,0
4106,0
4107,1
4108,0
4109,0
4110,0
4111,0
4112,0
4113,0
4114,0
4115,0
4116,0
4117,0
4118,1
4119,0
4120,1
4121,0
4122,0
4123,0
4124,1
4125,0
4126,0
4127,1
4128,0
4129,0
4130,0
4131,0
4132,0
4133,0
4134,0
4135,0
4136,0
4137,1
4138,0
4139,0
4140,0
4141,0
4142,0
4143,1
4144,0
4145,0
4146,0
4147,1
4148,1
4149,0
4150,0
4151,1
4152,0
4153,0
4154,0
4155,0
4156,0
4157,0
4158,0
4159,0
4160,1
4161,0
4162,0
4163,1
4164,0
4165,0
4166,0
4167,0
4168,0
4169,0
4170,1
4171,0
4172,0
4173,0
4174,1
4175,0
4176,0
4177,1
4178,0
4179,0
4180,0
4181,0
4182,0
4183,0
4184,0
4185,0
4186,0
4187,0
4188,0
4189,0
4190,0
4191,0
4192,0
4193,0
4194,0
4195,1
4196,0
4197,0
4198,0
4199,1
4200,1
4201,0
4202,0
4203,1
4204,1
4205,0
4206,1
4207,1
4208,1
4209,1
4210,1
4211,1
4212,1
4213,1
4214,1
4215,1
4216,1
4217,1
4218,1
4219,0
4220,1
4221,1
4222,1
4223,1
4224,0
4225,1
4226,1
4227,0
4228,0
4229,1
4230,0
4231,1
4232,0
4233,1
4234,0
4235,1
4236,1
4237,1
4238,1
4239,1
4240,1
4241,1
4242,0
4243,1
4244,0
4245,1
4246,1
4247,0
4248,1
4249,1
4250,0
4251,0
4252,1
4253,0
4254,1
4255,1
4256,0
4257,1
4258,1
4259,1
4260,0
4261,1
4262,0
4263,0
4264,1
4265,1
4266,1
4267,1
4268,0
4269,1
4270,1
4271,1
4272,1
4273,1
4274,0
4275,0
4276,1
4277,1
4278,1
4279,1
4280,1
4281,0
4282,1
4283,1
4284,1
4285,1
4286,1
4287,1
4288,1
4289,0
4290,1
4291,0
4292,0
4293,1
4294,0
4295,0
4296,0
4297,1
4298,1
4299,0
4300,1
4301,0
4302,0
4303,1
4304,1
4305,0
4306,0
4307,1
4308,1
4309,1
4310,1
4311,0
4312,1
4313,1
4314,1
4315,1
4316,1
4317,1
4318,0
4319,1
4320,1
4321,1
4322,1
4323,1
4324,1
4325,1
4326,1
4327,1
4328,1
4329,1
4330,1
4331,1
4332,1
4333,0
4334,0
4335,1
4336,1
4337,1
4338,1
4339,1
4340,1
4341,0
4342,1
4343,1
4344,1
4345,1
4346,1
4347,1
4348,1
4349,1
4350,1
4351,1
4352,1
4353,1
4354,1
4355,1
4356,1
4357,1
4358,1
4359,1
4360,0
4361,0
4362,1
4363,1
4364,0
4365,1
4366,1
4367,1
4368,1
4369,1
4370,1
4371,1
4372,0
4373,1
4374,1
4375,1
4376,1
4377,1
4378,0
4379,1
4380,0
4381,1
4382,1
4383,1
4384,1
4385,1
4386,1
4387,1
4388,1
4389,0
4390,1
4391,1
4392,1
4393,1
4394,1
4395,1
4396,1
4397,1
4398,1
4399,1
4400,1
4401,1
4402,0
4403,1
4404,1
4405,1
4406,1
4407,1
4408,1
4409,1
4410,1
4411,0
4412,1
4413,1
4414,1
4415,1
4416,1
4417,1
4418,1
4419,1
4420,1
4421,1
4422,1
4423,1
4424,1
4425,1
4426,1
4427,1
4428,1
4429,1
4430,1
4431,1
4432,1
4433,1
4434,1
4435,1
4436,1
4437,1
4438,1
4439,1
4440,1
4441,1
4442,1
4443,1
4444,1
4445,1
4446,1
4447,1
4448,1
4449,1
4450,1
4451,1
4452,1
4453,1
4454,1
4455,1
4456,1
4457,1
4458,1
4459,1
4460,1
4461,1
4462,1
4463,1
4464,1
4465,1
4466,1
4467,1
4468,1
4469,1
4470,1
4471,1
4472,1
4473,1
4474,1
4475,1
4476,1
4477,1
4478,1
4479,1
4480,1
4481,1
4482,1
4483,0
4484,1
4485,1
4486,1
4487,1
4488,0
4489,0
4490,1
4491,1
4492,1
4493,1
4494,1
4495,1
4496,1
4497,1
4498,1
4499,1
